WorkDate,EmployeeCode,EmployeeName,Department,Status,WorkHours,OtHours
02-Feb-26,EMP-0010,Employee 10,Maint,PRESENT,8.0,0.0
02/02/2026,EMP-0008,Employee 8,LINE-C,LATE,7.5,1.3
02/04/2026,EMP-0008,Employee 8,LINE-C,LATE,7.0,1.3
02/07/2026,EMP-0011,Employee 11,line a,PRESENT,8.0,0.0
02/10/2026,EMP-0036,Employee 36,Line A,ABSENT,0.0,0.0
02/17/2026,EMP-0014,Employee 14,QC,PRESENT,8.0,0.0
02/20/2026,EMP-0008,Employee 8,line c,LATE,7.5,0.0
02/20/2026,EMP-0023,Employee 23,line c,PRESENT,8.0,0.0
02/21/2026,EMP-0036,Employee 36,Line A,LATE,7.0,0.0
02/23/2026,EMP-0012,Employee 12,line b,PRESENT,8.0,0.0
02/24/2026,EMP-0027,Employee 27,LINE-B,PRESENT,8.0,1.7
02/25/2026,EMP-0002,Employee 2,Line B,PRESENT,8.0,0.0
02/25/2026,EMP-0014,Employee 14,Q.C.,PRESENT,8.0,0.8
02/25/2026,EMP-0021,Employee 21,LINE-A,LATE,7.0,1.3
02/26/2026,EMP-0007,Employee 7,LINE-B,PRESENT,8.0,0.0
02/27/2026,EMP-0030,Employee 30,Maint,LATE,7.5,0.0
02/28/2026,EMP-0007,Employee 7,line b,PRESENT,8.0,0.0
02/28/2026,EMP-0013,Employee 13,LINE-C,PRESENT,8.0,0.0
03-Feb-26,EMP-0004,Employee 4,Q.C.,PRESENT,8.0,0.0
03-Feb-26,EMP-0033,Employee 33,line c,PRESENT,8.0,1.3
03/02/2026,EMP-0018,Employee 18,LINE-C,PRESENT,8.0,0.0
05-Feb-26,EMP-0007,Employee 7,line b,PRESENT,8.0,0.0
07-Feb-26,EMP-0036,Employee 36,Line A,PRESENT,8.0,0.0
09-Feb-26,EMP-0007,Employee 7,line b,ABSENT,0.0,0.0
09/02/2026,EMP-0002,Employee 2,line b,PRESENT,8.0,0.0
09/02/2026,EMP-0020,Employee 20,MA,PRESENT,8.0,0.0
10/02/2026,EMP-0013,Employee 13,LINE-C,PRESENT,8.0,1.7
11-Feb-26,EMP-0027,Employee 27,LINE-B,ABSENT,0.0,0.0
12-Feb-26,EMP-0028,Employee 28,line c,LATE,7.5,0.0
12-Feb-26,EMP-0034,Employee 34,Quality,PRESENT,8.0,0.0
13-Feb-26,EMP-0028,Employee 28,LINE-C,PRESENT,8.0,0.0
13/02/2026,EMP-0032,Employee 32,LINE-B,ABSENT,0.0,0.0
16/02/2026,EMP-0017,Employee 17,LINE-B,PRESENT,8.0,0.0
17-Feb-26,EMP-0026,Employee 26,line a,PRESENT,8.0,0.0
17-Feb-26,EMP-0035,Employee 35,MAINT,PRESENT,8.0,0.0
19-Feb-26,EMP-0035,Employee 35,Maint,LEAVE,0.0,0.0
20-Feb-26,EMP-0025,Employee 25,MA,PRESENT,8.0,1.7
20/02/2026,EMP-0024,Employee 24,Quality,PRESENT,8.0,0.0
20/02/2026,EMP-0027,Employee 27,LINE-B,PRESENT,8.0,1.7
20/02/2026,EMP-0036,Employee 36,LINE-A,PRESENT,8.0,0.0
2026-02-02,EMP-0001,Employee 1,LINE-A,ABSENT,0.0,0.0
2026-02-02,EMP-0002,Employee 2,Line B,PRESENT,8.0,0.0
2026-02-02,EMP-0003,Employee 3,LINE-C,PRESENT,8.0,0.8
2026-02-02,EMP-0004,Employee 4,Quality,PRESENT,8.0,1.7
2026-02-02,EMP-0005,Employee 5,Maint,PRESENT,8.0,0.0
2026-02-02,EMP-0006,Employee 6,line a,LATE,7.0,0.0
2026-02-02,EMP-0007,Employee 7,Line B,PRESENT,8.0,0.0
2026-02-02,EMP-0009,Employee 9,QC,PRESENT,8.0,1.7
2026-02-02,EMP-0011,Employee 11,Line A,PRESENT,8.0,0.0
2026-02-02,EMP-0012,Employee 12,Line B,PRESENT,8.0,1.7
2026-02-02,EMP-0013,Employee 13,Line C,PRESENT,8.0,0.0
2026-02-02,EMP-0014,Employee 14,QC,PRESENT,8.0,0.0
2026-02-02,EMP-0015,Employee 15,MAINT,PRESENT,8.0,1.7
2026-02-02,EMP-0016,Employee 16,Line A,PRESENT,8.0,1.7
2026-02-02,EMP-0017,Employee 17,Line B,PRESENT,8.0,0.0
2026-02-02,EMP-0018,Employee 18,LINE-C,PRESENT,8.0,0.0
2026-02-02,EMP-0019,Employee 19,Quality,PRESENT,8.0,0.0
2026-02-02,EMP-0020,Employee 20,MAINT,SICK,0.0,0.0
2026-02-02,EMP-0021,Employee 21,LINE-A,PRESENT,8.0,0.0
2026-02-02,EMP-0022,Employee 22,Line B,PRESENT,8.0,0.0
2026-02-02,EMP-0023,Employee 23,Line C,PRESENT,8.0,0.0
2026-02-02,EMP-0024,Employee 24,Q.C.,PRESENT,8.0,0.0
2026-02-02,EMP-0025,Employee 25,Maint,PRESENT,8.0,0.8
2026-02-02,EMP-0026,Employee 26,line a,PRESENT,8.0,0.0
2026-02-02,EMP-0027,Employee 27,LINE-B,PRESENT,8.0,0.8
2026-02-02,EMP-0028,Employee 28,Line C,PRESENT,8.0,1.7
2026-02-02,EMP-0029,Employee 29,Q.C.,PRESENT,8.0,0.8
2026-02-02,EMP-0030,Employee 30,MAINT,PRESENT,8.0,0.0
2026-02-02,EMP-0031,Employee 31,Line A,PRESENT,8.0,1.7
2026-02-02,EMP-0032,Employee 32,Line B,PRESENT,8.0,0.0
2026-02-02,EMP-0033,Employee 33,line c,LATE,7.0,1.7
2026-02-02,EMP-0034,Employee 34,Q.C.,PRESENT,8.0,0.0
2026-02-02,EMP-0035,Employee 35,Maint,PRESENT,8.0,1.3
2026-02-02,EMP-0036,Employee 36,Line A,PRESENT,8.0,1.3
2026-02-02,EMP-0037,Employee 37,LINE-B,PRESENT,8.0,-2.0
2026-02-02,EMP-0038,Employee 38,line c,PRESENT,8.0,0.0
2026-02-02,EMP-0039,Employee 39,Quality,LEAVE,0.0,0.0
2026-02-02,EMP-0040,Employee 40,Maint,PRESENT,8.0,0.0
2026-02-03,EMP-0001,Employee 1,line a,PRESENT,8.0,0.0
2026-02-03,EMP-0002,Employee 2,Line B,PRESENT,8.0,0.0
2026-02-03,EMP-0003,Employee 3,LINE-C,PRESENT,8.0,0.0
2026-02-03,EMP-0005,Employee 5,MA,PRESENT,8.0,2.5
2026-02-03,EMP-0006,Employee 6,line a,PRESENT,8.0,0.0
2026-02-03,EMP-0007,Employee 7,LINE-B,PRESENT,8.0,0.0
2026-02-03,EMP-0008,Employee 8,Line C,PRESENT,8.0,0.0
2026-02-03,EMP-0009,Employee 9,Q.C.,PRESENT,8.0,0.0
2026-02-03,EMP-0010,Employee 10,MA,PRESENT,8.0,0.8
2026-02-03,EMP-0011,Employee 11,line a,PRESENT,8.0,1.7
2026-02-03,EMP-0012,Employee 12,LINE-B,PRESENT,8.0,0.0
2026-02-03,EMP-0013,Employee 13,Line C,PRESENT,8.0,0.0
2026-02-03,EMP-0014,Employee 14,Quality,PRESENT,8.0,2.5
2026-02-03,EMP-0015,Employee 15,Maint,PRESENT,8.0,2.5
2026-02-03,EMP-0016,Employee 16,line a,SICK,0.0,0.0
2026-02-03,EMP-0017,Employee 17,LINE-B,PRESENT,8.0,0.0
2026-02-03,EMP-0019,Employee 19,QC,PRESENT,8.0,0.0
2026-02-03,EMP-0020,Employee 20,MAINT,PRESENT,8.0,0.0
2026-02-03,EMP-0021,Employee 21,LINE-A,PRESENT,8.0,0.0
2026-02-03,EMP-0022,Employee 22,Line B,PRESENT,8.0,0.0
2026-02-03,EMP-0023,Employee 23,line c,PRESENT,8.0,0.8
2026-02-03,EMP-0024,Employee 24,Quality,PRESENT,8.0,0.0
2026-02-03,EMP-0025,Employee 25,MAINT,LATE,7.0,0.0
2026-02-03,EMP-0026,Employee 26,LINE-A,PRESENT,8.0,0.0
2026-02-03,EMP-0027,Employee 27,Line B,PRESENT,8.0,0.0
2026-02-03,EMP-0028,Employee 28,Line C,PRESENT,8.0,1.3
2026-02-03,EMP-0029,Employee 29,Quality,PRESENT,8.0,0.0
2026-02-03,EMP-0030,Employee 30,Maint,PRESENT,8.0,0.0
2026-02-03,EMP-0031,Employee 31,line a,PRESENT,8.0,0.0
2026-02-03,EMP-0032,Employee 32,line b,PRESENT,8.0,0.0
2026-02-03,EMP-0034,Employee 34,Q.C.,PRESENT,8.0,0.0
2026-02-03,EMP-0035,Employee 35,MA,PRESENT,8.0,0.0
2026-02-03,EMP-0036,Employee 36,line a,PRESENT,8.0,0.0
2026-02-03,EMP-0037,Employee 37,LINE-B,PRESENT,8.0,0.0
2026-02-03,EMP-0038,Employee 38,LINE-C,PRESENT,8.0,1.7
2026-02-03,EMP-0039,Employee 39,QC,PRESENT,8.0,0.0
2026-02-03,EMP-0040,Employee 40,MA,PRESENT,8.0,0.0
2026-02-04,EMP-0001,Employee 1,Line A,PRESENT,8.0,0.0
2026-02-04,EMP-0002,Employee 2,line b,SICK,0.0,0.0
2026-02-04,EMP-0003,Employee 3,LINE-C,PRESENT,8.0,0.0
2026-02-04,EMP-0004,Employee 4,QC,PRESENT,8.0,0.0
2026-02-04,EMP-0005,Employee 5,MA,PRESENT,8.0,0.0
2026-02-04,EMP-0006,Employee 6,LINE-A,PRESENT,8.0,0.0
2026-02-04,EMP-0007,Employee 7,line b,ABSENT,0.0,0.0
2026-02-04,EMP-0009,Employee 9,Q.C.,SICK,0.0,0.0
2026-02-04,EMP-0010,Employee 10,Maint,PRESENT,8.0,2.5
2026-02-04,EMP-0011,Employee 11,Line A,PRESENT,8.0,0.8
2026-02-04,EMP-0012,Employee 12,line b,PRESENT,8.0,0.0
2026-02-04,EMP-0013,Employee 13,LINE-C,PRESENT,8.0,0.0
2026-02-04,EMP-0014,Employee 14,Q.C.,ABSENT,0.0,0.0
2026-02-04,EMP-0015,Employee 15,MA,PRESENT,8.0,0.0
2026-02-04,EMP-0016,Employee 16,Line A,LATE,7.5,0.0
2026-02-04,EMP-0017,Employee 17,LINE-B,PRESENT,8.0,0.0
2026-02-04,EMP-0018,Employee 18,LINE-C,PRESENT,8.0,0.0
2026-02-04,EMP-0019,Employee 19,Quality,PRESENT,8.0,0.0
2026-02-04,EMP-0020,Employee 20,MAINT,PRESENT,8.0,0.0
2026-02-04,EMP-0021,Employee 21,line a,PRESENT,8.0,0.0
2026-02-04,EMP-0022,Employee 22,LINE-B,PRESENT,8.0,1.3
2026-02-04,EMP-0023,Employee 23,Line C,PRESENT,8.0,0.0
2026-02-04,EMP-0024,Employee 24,Quality,PRESENT,8.0,0.0
2026-02-04,EMP-0025,Employee 25,MA,PRESENT,8.0,0.0
2026-02-04,EMP-0026,Employee 26,line a,PRESENT,8.0,0.0
2026-02-04,EMP-0027,Employee 27,line b,PRESENT,8.0,0.8
2026-02-04,EMP-0028,Employee 28,line c,PRESENT,8.0,0.8
2026-02-04,EMP-0029,Employee 29,QC,PRESENT,8.0,0.0
2026-02-04,EMP-0030,Employee 30,MA,SICK,0.0,0.0
2026-02-04,EMP-0031,Employee 31,line a,PRESENT,8.0,0.0
2026-02-04,EMP-0032,Employee 32,line b,PRESENT,8.0,0.0
2026-02-04,EMP-0033,Employee 33,Line C,PRESENT,8.0,0.8
2026-02-04,EMP-0034,Employee 34,Quality,PRESENT,8.0,0.8
2026-02-04,EMP-0035,Employee 35,Maint,PRESENT,8.0,0.0
2026-02-04,EMP-0036,Employee 36,line a,PRESENT,8.0,0.0
2026-02-04,EMP-0037,Employee 37,LINE-B,LATE,7.5,0.0
2026-02-04,EMP-0038,Employee 38,Line C,PRESENT,8.0,0.0
2026-02-04,EMP-0039,Employee 39,Q.C.,PRESENT,8.0,0.0
2026-02-04,EMP-0040,Employee 40,Maint,PRESENT,8.0,0.0
2026-02-05,EMP-0001,Employee 1,LINE-A,PRESENT,8.0,1.7
2026-02-05,EMP-0002,Employee 2,line b,PRESENT,8.0,0.0
2026-02-05,EMP-0003,Employee 3,LINE-C,PRESENT,8.0,0.0
2026-02-05,EMP-0004,Employee 4,QC,PRESENT,8.0,0.0
2026-02-05,EMP-0005,Employee 5,MA,PRESENT,8.0,0.0
2026-02-05,EMP-0006,Employee 6,LINE-A,PRESENT,8.0,0.0
2026-02-05,EMP-0008,Employee 8,LINE-C,PRESENT,8.0,0.0
2026-02-05,EMP-0009,Employee 9,Q.C.,LEAVE,0.0,0.0
2026-02-05,EMP-0010,Employee 10,MAINT,PRESENT,8.0,0.0
2026-02-05,EMP-0011,Employee 11,line a,LEAVE,0.0,0.0
2026-02-05,EMP-0012,Employee 12,line b,PRESENT,8.0,0.8
2026-02-05,EMP-0012,Employee 12,line b,PRESENT,8.0,0.8
2026-02-05,EMP-0013,Employee 13,LINE-C,PRESENT,8.0,1.7
2026-02-05,EMP-0014,Employee 14,QC,PRESENT,8.0,0.0
2026-02-05,EMP-0015,Employee 15,Maint,PRESENT,8.0,0.0
2026-02-05,EMP-0016,Employee 16,line a,LATE,7.0,0.0
2026-02-05,EMP-0017,Employee 17,Line B,PRESENT,8.0,0.0
2026-02-05,EMP-0018,Employee 18,LINE-C,LEAVE,0.0,0.0
2026-02-05,EMP-0019,Employee 19,Quality,LATE,7.0,0.0
2026-02-05,EMP-0020,Employee 20,MAINT,PRESENT,8.0,0.0
2026-02-05,EMP-0021,Employee 21,LINE-A,PRESENT,8.0,0.0
2026-02-05,EMP-0022,Employee 22,line b,PRESENT,8.0,0.0
2026-02-05,EMP-0023,Employee 23,Line C,PRESENT,8.0,1.3
2026-02-05,EMP-0024,Employee 24,Q.C.,PRESENT,8.0,0.0
2026-02-05,EMP-0025,Employee 25,Maint,PRESENT,8.0,0.0
2026-02-05,EMP-0026,Employee 26,LINE-A,PRESENT,8.0,0.0
2026-02-05,EMP-0027,Employee 27,LINE-B,SICK,0.0,0.0
2026-02-05,EMP-0028,Employee 28,LINE-C,PRESENT,8.0,0.8
2026-02-05,EMP-0029,Employee 29,QC,PRESENT,8.0,1.3
2026-02-05,EMP-0030,Employee 30,MA,PRESENT,8.0,0.0
2026-02-05,EMP-0031,Employee 31,Line A,LATE,7.0,1.7
2026-02-05,EMP-0032,Employee 32,LINE-B,PRESENT,8.0,1.3
2026-02-05,EMP-0033,Employee 33,line c,PRESENT,8.0,0.0
2026-02-05,EMP-0034,Employee 34,QC,PRESENT,8.0,0.0
2026-02-05,EMP-0035,Employee 35,Maint,PRESENT,8.0,0.0
2026-02-05,EMP-0036,Employee 36,LINE-A,PRESENT,8.0,2.5
2026-02-05,EMP-0037,Employee 37,LINE-B,LEAVE,0.0,0.0
2026-02-05,EMP-0038,Employee 38,line c,PRESENT,8.0,0.0
2026-02-05,EMP-0039,Employee 39,Quality,PRESENT,8.0,0.0
2026-02-05,EMP-0040,Employee 40,Maint,PRESENT,8.0,0.0
2026-02-06,EMP-0001,Employee 1,line a,LEAVE,0.0,0.0
2026-02-06,EMP-0002,Employee 2,LINE-B,PRESENT,8.0,0.0
2026-02-06,EMP-0003,Employee 3,line c,PRESENT,8.0,0.0
2026-02-06,EMP-0004,Employee 4,QC,PRESENT,8.0,0.0
2026-02-06,EMP-0005,Employee 5,MAINT,PRESENT,8.0,0.8
2026-02-06,EMP-0006,Employee 6,LINE-A,PRESENT,8.0,0.0
2026-02-06,EMP-0007,Employee 7,LINE-B,PRESENT,8.0,0.0
2026-02-06,EMP-0008,Employee 8,LINE-C,PRESENT,8.0,0.0
2026-02-06,EMP-0009,Employee 9,QC,PRESENT,8.0,0.8
2026-02-06,EMP-0010,Employee 10,MA,PRESENT,8.0,0.0
2026-02-06,EMP-0011,Employee 11,LINE-A,PRESENT,8.0,1.3
2026-02-06,EMP-0012,Employee 12,LINE-B,PRESENT,8.0,1.3
2026-02-06,EMP-0013,Employee 13,LINE-C,PRESENT,8.0,2.5
2026-02-06,EMP-0014,Employee 14,Q.C.,LEAVE,0.0,0.0
2026-02-06,EMP-0015,Employee 15,Maint,PRESENT,8.0,1.3
2026-02-06,EMP-0016,Employee 16,Line A,PRESENT,8.0,0.0
2026-02-06,EMP-0017,Employee 17,line b,PRESENT,8.0,0.0
2026-02-06,EMP-0018,Employee 18,Line C,PRESENT,8.0,0.0
2026-02-06,EMP-0019,Employee 19,Quality,ABSENT,0.0,0.0
2026-02-06,EMP-0020,Employee 20,MA,PRESENT,8.0,1.3
2026-02-06,EMP-0021,Employee 21,Line A,PRESENT,8.0,0.0
2026-02-06,EMP-0022,Employee 22,line b,PRESENT,8.0,0.8
2026-02-06,EMP-0023,Employee 23,line c,PRESENT,8.0,0.0
2026-02-06,EMP-0024,Employee 24,Q.C.,PRESENT,8.0,0.0
2026-02-06,EMP-0025,Employee 25,MA,PRESENT,8.0,0.0
2026-02-06,EMP-0026,Employee 26,Line A,PRESENT,8.0,0.0
2026-02-06,EMP-0027,Employee 27,Line B,PRESENT,8.0,0.0
2026-02-06,EMP-0028,Employee 28,line c,PRESENT,8.0,0.0
2026-02-06,EMP-0029,Employee 29,Q.C.,PRESENT,8.0,0.8
2026-02-06,EMP-0030,Employee 30,MAINT,PRESENT,8.0,0.8
2026-02-06,EMP-0031,Employee 31,LINE-A,PRESENT,8.0,0.0
2026-02-06,EMP-0032,Employee 32,Line B,PRESENT,8.0,0.8
2026-02-06,EMP-0033,Employee 33,line c,PRESENT,8.0,0.0
2026-02-06,EMP-0034,Employee 34,QC,LEAVE,0.0,0.0
2026-02-06,EMP-0035,Employee 35,Maint,ABSENT,0.0,0.0
2026-02-06,EMP-0036,Employee 36,Line A,LATE,7.5,-2.0
2026-02-06,EMP-0037,Employee 37,LINE-B,LEAVE,0.0,0.0
2026-02-06,EMP-0038,Employee 38,line c,PRESENT,8.0,0.0
2026-02-06,EMP-0039,Employee 39,Quality,ABSENT,0.0,0.0
2026-02-06,EMP-0040,Employee 40,MA,PRESENT,8.0,0.0
2026-02-07,EMP-0001,Employee 1,LINE-A,PRESENT,8.0,0.0
2026-02-07,EMP-0002,Employee 2,LINE-B,LATE,7.5,
2026-02-07,EMP-0003,Employee 3,line c,LATE,7.5,0.0
2026-02-07,EMP-0004,Employee 4,QC,PRESENT,8.0,0.0
2026-02-07,EMP-0005,Employee 5,MAINT,PRESENT,8.0,0.0
2026-02-07,EMP-0006,Employee 6,Line A,PRESENT,8.0,1.7
2026-02-07,EMP-0007,Employee 7,line b,PRESENT,8.0,0.0
2026-02-07,EMP-0008,Employee 8,line c,PRESENT,8.0,0.0
2026-02-07,EMP-0009,Employee 9,Q.C.,PRESENT,8.0,1.7
2026-02-07,EMP-0010,Employee 10,Maint,present,8.0,0.0
2026-02-07,EMP-0012,Employee 12,LINE-B,PRESENT,8.0,0.0
2026-02-07,EMP-0013,Employee 13,LINE-C,PRESENT,8.0,0.0
2026-02-07,EMP-0014,Employee 14,QC,PRESENT,8.0,0.0
2026-02-07,EMP-0015,Employee 15,Maint,PRESENT,8.0,2.5
2026-02-07,EMP-0016,Employee 16,Line A,PRESENT,8.0,2.5
2026-02-07,EMP-0017,Employee 17,LINE-B,LATE,7.0,0.0
2026-02-07,EMP-0018,Employee 18,LINE-C,PRESENT,8.0,0.0
2026-02-07,EMP-0019,Employee 19,Quality,PRESENT,8.0,1.3
2026-02-07,EMP-0020,Employee 20,MAINT,PRESENT,8.0,0.0
2026-02-07,EMP-0021,Employee 21,Line A,PRESENT,8.0,1.7
2026-02-07,EMP-0022,Employee 22,line b,PRESENT,8.0,0.0
2026-02-07,EMP-0023,Employee 23,Line C,PRESENT,8.0,1.7
2026-02-07,EMP-0024,Employee 24,QC,PRESENT,8.0,1.7
2026-02-07,EMP-0025,Employee 25,MA,Present,8.0,0.0
2026-02-07,EMP-0026,Employee 26,LINE-A,PRESENT,8.0,0.0
2026-02-07,EMP-0027,Employee 27,Line B, PRESENT,8.0,0.0
2026-02-07,EMP-0028,Employee 28,line c,PRESENT,8.0,0.8
2026-02-07,EMP-0029,Employee 29,Q.C.,PRESENT,8.0,0.8
2026-02-07,EMP-0030,Employee 30,MAINT,PRESENT,8.0,2.5
2026-02-07,EMP-0031,Employee 31,line a,PRESENT,8.0,0.8
2026-02-07,EMP-0032,Employee 32,Line B,PRESENT,8.0,0.0
2026-02-07,EMP-0033,Employee 33,LINE-C,PRESENT,8.0,0.8
2026-02-07,EMP-0034,Employee 34,Quality,PRESENT,8.0,0.0
2026-02-07,EMP-0035,Employee 35,MAINT,PRESENT,8.0,1.3
2026-02-07,EMP-0037,Employee 37,Line B,ABSENT,0.0,0.0
2026-02-07,EMP-0038,Employee 38,LINE-C,PRESENT,8.0,1.7
2026-02-07,EMP-0039,Employee 39,Quality,PRESENT,8.0,0.0
2026-02-07,EMP-0040,Employee 40,Maint,PRESENT,8.0,0.0
2026-02-09,EMP-0001,Employee 1,Line A,PRESENT,8.0,2.5
2026-02-09,EMP-0003,Employee 3,line c,PRESENT,8.0,0.8
2026-02-09,EMP-0004,Employee 4,QC,PRESENT,8.0,0.0
2026-02-09,EMP-0005,Employee 5,MA,PRESENT,8.0,0.0
2026-02-09,EMP-0006,Employee 6,LINE-A,PRESENT,8.0,2.5
2026-02-09,EMP-0008,Employee 8,LINE-C,PRESENT,8.0,0.0
2026-02-09,EMP-0009,Employee 9,Quality,ABSENT,0.0,0.0
2026-02-09,EMP-0010,Employee 10,MA,PRESENT,8.0,1.3
2026-02-09,EMP-0011,Employee 11,Line A,PRESENT,8.0,0.0
2026-02-09,EMP-0012,Employee 12,line b,PRESENT,8.0,0.0
2026-02-09,EMP-0013,Employee 13,line c,PRESENT,8.0,2.5
2026-02-09,EMP-0014,Employee 14,QC,PRESENT,8.0,0.0
2026-02-09,EMP-0015,Employee 15,Maint,PRESENT,8.0,0.0
2026-02-09,EMP-0016,Employee 16,Line A,PRESENT,8.0,0.0
2026-02-09,EMP-0017,Employee 17,line b,PRESENT,8.0,0.0
2026-02-09,EMP-0018,Employee 18,LINE-C,PRESENT,8.0,2.5
2026-02-09,EMP-0019,Employee 19,Quality,PRESENT,8.0,1.7
2026-02-09,EMP-0021,Employee 21,LINE-A,PRESENT,8.0,0.0
2026-02-09,EMP-0022,Employee 22,LINE-B,PRESENT,8.0,0.0
2026-02-09,EMP-0023,Employee 23,LINE-C,PRESENT,8.0,0.0
2026-02-09,EMP-0024,Employee 24,QC,PRESENT,8.0,1.7
2026-02-09,EMP-0025,Employee 25,Maint,PRESENT,8.0,0.0
2026-02-09,EMP-0026,Employee 26,Line A,PRESENT,8.0,0.0
2026-02-09,EMP-0027,Employee 27,LINE-B,PRESENT,8.0,1.7
2026-02-09,EMP-0028,Employee 28,Line C,LATE,7.5,1.3
2026-02-09,EMP-0029,Employee 29,QC,SICK,0.0,0.0
2026-02-09,EMP-0030,Employee 30,Maint,PRESENT,8.0,1.7
2026-02-09,EMP-0031,Employee 31,Line A,PRESENT,8.0,0.0
2026-02-09,EMP-0032,Employee 32,LINE-B,PRESENT,8.0,0.8
2026-02-09,EMP-0033,Employee 33,LINE-C,PRESENT,8.0,1.7
2026-02-09,EMP-0034,Employee 34,QC,PRESENT,8.0,2.5
2026-02-09,EMP-0035,Employee 35,MA,PRESENT,8.0,0.0
2026-02-09,EMP-0036,Employee 36,line a,PRESENT,8.0,0.0
2026-02-09,EMP-0037,Employee 37,LINE-B,PRESENT,8.0,
2026-02-09,EMP-0038,Employee 38,LINE-C,PRESENT,8.0,0.0
2026-02-09,EMP-0039,Employee 39,QC,PRESENT,8.0,2.5
2026-02-09,EMP-0040,Employee 40,MA,PRESENT,8.0,1.3
2026-02-10,EMP-0001,Employee 1,LINE-A,PRESENT,8.0,2.5
2026-02-10,EMP-0002,Employee 2,LINE-B,PRESENT,8.0,0.8
2026-02-10,EMP-0003,Employee 3,line c,PRESENT,8.0,0.0
2026-02-10,EMP-0004,Employee 4,Q.C.,PRESENT,8.0,1.7
2026-02-10,EMP-0005,Employee 5,MAINT,LEAVE,0.0,0.0
2026-02-10,EMP-0006,Employee 6,line a,PRESENT,8.0,0.0
2026-02-10,EMP-0007,Employee 7,LINE-B,PRESENT,8.0,0.0
2026-02-10,EMP-0008,Employee 8,line c,PRESENT,8.0,0.0
2026-02-10,EMP-0009,Employee 9,QC,PRESENT,8.0,2.5
2026-02-10,EMP-0010,Employee 10,MAINT,PRESENT,8.0,0.0
2026-02-10,EMP-0011,Employee 11,LINE-A,PRESENT,8.0,0.0
2026-02-10,EMP-0012,Employee 12,line b,PRESENT,8.0,0.0
2026-02-10,EMP-0014,Employee 14,QC,PRESENT,8.0,0.0
2026-02-10,EMP-0014,Employee 14,QC,PRESENT,8.0,0.0
2026-02-10,EMP-0015,Employee 15,MA,PRESENT,8.0,0.0
2026-02-10,EMP-0016,Employee 16,LINE-A,PRESENT,8.0,1.3
2026-02-10,EMP-0017,Employee 17,LINE-B,PRESENT,8.0,0.8
2026-02-10,EMP-0018,Employee 18,line c,PRESENT,8.0,0.0
2026-02-10,EMP-0019,Employee 19,QC,ABSENT,0.0,0.0
2026-02-10,EMP-0020,Employee 20,Maint,PRESENT,8.0,0.0
2026-02-10,EMP-0021,Employee 21,line a,PRESENT,8.0,0.8
2026-02-10,EMP-0022,Employee 22,LINE-B,PRESENT,8.0,0.0
2026-02-10,EMP-0023,Employee 23,LINE-C,LATE,7.5,0.0
2026-02-10,EMP-0024,Employee 24,Quality,PRESENT,8.0,0.0
2026-02-10,EMP-0025,Employee 25,MA,LATE,7.5,0.0
2026-02-10,EMP-0026,Employee 26,Line A,PRESENT,8.0,0.0
2026-02-10,EMP-0027,Employee 27,LINE-B,PRESENT,8.0,0.0
2026-02-10,EMP-0028,Employee 28,Line C,PRESENT,8.0,1.3
2026-02-10,EMP-0029,Employee 29,Q.C.,PRESENT,8.0,0.0
2026-02-10,EMP-0030,Employee 30,Maint,PRESENT,8.0,0.0
2026-02-10,EMP-0031,Employee 31,LINE-A,PRESENT,8.0,0.0
2026-02-10,EMP-0032,Employee 32,Line B,PRESENT,8.0,0.0
2026-02-10,EMP-0033,Employee 33,Line C,PRESENT,8.0,0.0
2026-02-10,EMP-0034,Employee 34,QC,PRESENT,8.0,0.0
2026-02-10,EMP-0035,Employee 35,MA,PRESENT,8.0,0.0
2026-02-10,EMP-0037,Employee 37,LINE-B,PRESENT,8.0,1.7
2026-02-10,EMP-0038,Employee 38,Line C,PRESENT,8.0,2.5
2026-02-10,EMP-0039,Employee 39,Q.C.,PRESENT,8.0,0.0
2026-02-10,EMP-0040,Employee 40,MA,PRESENT,8.0,0.8
2026-02-11,EMP-0001,Employee 1,line a,PRESENT,8.0,0.0
2026-02-11,EMP-0002,Employee 2,line b,PRESENT,8.0,0.0
2026-02-11,EMP-0003,Employee 3,LINE-C,PRESENT,8.0,1.7
2026-02-11,EMP-0004,Employee 4,QC,PRESENT,8.0,0.0
2026-02-11,EMP-0005,Employee 5,MAINT,PRESENT,8.0,0.0
2026-02-11,EMP-0006,Employee 6,line a,PRESENT,8.0,0.0
2026-02-11,EMP-0007,Employee 7,line b,PRESENT,8.0,0.0
2026-02-11,EMP-0008,Employee 8,line c,PRESENT,8.0,0.0
2026-02-11,EMP-0009,Employee 9,Quality,PRESENT,8.0,0.0
2026-02-11,EMP-0011,Employee 11,LINE-A,PRESENT,8.0,2.5
2026-02-11,EMP-0012,Employee 12,LINE-B,PRESENT,8.0,0.0
2026-02-11,EMP-0013,Employee 13,LINE-C,PRESENT,8.0,0.0
2026-02-11,EMP-0014,Employee 14,Quality,LATE,7.0,0.0
2026-02-11,EMP-0015,Employee 15,MAINT,PRESENT,8.0,0.0
2026-02-11,EMP-0016,Employee 16,Line A,LEAVE,0.0,0.0
2026-02-11,EMP-0017,Employee 17,line b,PRESENT,8.0,0.0
2026-02-11,EMP-0018,Employee 18,Line C,PRESENT,8.0,0.0
2026-02-11,EMP-0019,Employee 19,Quality,LEAVE,0.0,0.0
2026-02-11,EMP-0020,Employee 20,MA,PRESENT,8.0,0.0
2026-02-11,EMP-0021,Employee 21,line a,PRESENT,8.0,0.0
2026-02-11,EMP-0022,Employee 22,line b,LEAVE,0.0,0.0
2026-02-11,EMP-0023,Employee 23,LINE-C,ABSENT,0.0,0.0
2026-02-11,EMP-0024,Employee 24,Quality,PRESENT,8.0,1.3
2026-02-11,EMP-0025,Employee 25,MA,PRESENT,8.0,0.0
2026-02-11,EMP-0026,Employee 26,line a,LEAVE,0.0,0.0
2026-02-11,EMP-0028,Employee 28,line c,PRESENT,8.0,1.7
2026-02-11,EMP-0029,Employee 29,Quality,PRESENT,8.0,1.3
2026-02-11,EMP-0030,Employee 30,MA,SICK,0.0,0.0
2026-02-11,EMP-0031,Employee 31,line a,PRESENT,8.0,1.3
2026-02-11,EMP-0032,Employee 32,line b,PRESENT,8.0,1.7
2026-02-11,EMP-0033,Employee 33,Line C,PRESENT,8.0,0.0
2026-02-11,EMP-0034,Employee 34,Q.C.,PRESENT,8.0,0.0
2026-02-11,EMP-0035,Employee 35,MAINT,PRESENT,8.0,0.0
2026-02-11,EMP-0036,Employee 36,Line A,PRESENT,8.0,2.5
2026-02-11,EMP-0037,Employee 37,Line B,PRESENT,8.0,0.8
2026-02-11,EMP-0038,Employee 38,line c,SICK,0.0,0.0
2026-02-11,EMP-0039,Employee 39,QC,PRESENT,8.0,0.0
2026-02-11,EMP-0040,Employee 40,MAINT,PRESENT,8.0,0.0
2026-02-11,TEMP-01,Employee 10,MAINT,PRESENT,8.0,1.7
2026-02-12,EMP-0001,Employee 1,Line A,PRESENT,8.0,0.0
2026-02-12,EMP-0002,Employee 2,LINE-B,PRESENT,8.0,0.0
2026-02-12,EMP-0003,Employee 3,LINE-C,PRESENT,8.0,2.5
2026-02-12,EMP-0004,Employee 4,Quality,PRESENT,8.0,0.8
2026-02-12,EMP-0005,Employee 5,MA,PRESENT,8.0,0.0
2026-02-12,EMP-0006,Employee 6,LINE-A,PRESENT,8.0,0.0
2026-02-12,EMP-0007,Employee 7,Line B,LATE,7.0,0.0
2026-02-12,EMP-0008,Employee 8,Line C,PRESENT,8.0,0.0
2026-02-12,EMP-0009,Employee 9,Quality,PRESENT,8.0,0.8
2026-02-12,EMP-0010,Employee 10,MAINT,PRESENT,8.0,0.0
2026-02-12,EMP-0011,Employee 11,LINE-A,PRESENT,8.0,0.0
2026-02-12,EMP-0012,Employee 12,line b,PRESENT,8.0,0.0
2026-02-12,EMP-0013,Employee 13,Line C,PRESENT,8.0,0.0
2026-02-12,EMP-0014,Employee 14,QC,PRESENT,8.0,0.0
2026-02-12,EMP-0015,Employee 15,Maint,PRESENT,8.0,0.0
2026-02-12,EMP-0016,Employee 16,line a,PRESENT,8.0,0.0
2026-02-12,EMP-0017,Employee 17,line b,PRESENT,8.0,0.0
2026-02-12,EMP-0018,Employee 18,line c,PRESENT,8.0,0.8
2026-02-12,EMP-0019,Employee 19,Quality,PRESENT,8.0,0.0
2026-02-12,EMP-0020,Employee 20,MAINT,PRESENT,8.0,0.0
2026-02-12,EMP-0021,Employee 21,line a,PRESENT,8.0,0.0
2026-02-12,EMP-0022,Employee 22,Line B,PRESENT,8.0,2.5
2026-02-12,EMP-0023,Employee 23,LINE-C,PRESENT,8.0,0.0
2026-02-12,EMP-0024,Employee 24,QC,PRESENT,8.0,1.7
2026-02-12,EMP-0025,Employee 25,MA,PRESENT,8.0,0.0
2026-02-12,EMP-0026,Employee 26,LINE-A,PRESENT,8.0,0.0
2026-02-12,EMP-0027,Employee 27,LINE-B,PRESENT,8.0,0.0
2026-02-12,EMP-0029,Employee 29,QC,PRESENT,8.0,0.0
2026-02-12,EMP-0030,Employee 30,MA,PRESENT,8.0,1.7
2026-02-12,EMP-0031,Employee 31,line a,PRESENT,8.0,0.0
2026-02-12,EMP-0032,Employee 32,line b,PRESENT,8.0,0.0
2026-02-12,EMP-0033,Employee 33,Line C,PRESENT,8.0,0.0
2026-02-12,EMP-0035,Employee 35,MA,PRESENT,8.0,0.0
2026-02-12,EMP-0036,Employee 36,LINE-A,PRESENT,8.0,0.0
2026-02-12,EMP-0037,Employee 37,LINE-B,PRESENT,8.0,0.0
2026-02-12,EMP-0038,Employee 38,line c,PRESENT,8.0,0.0
2026-02-12,EMP-0039,Employee 39,Quality,PRESENT,8.0,0.0
2026-02-12,EMP-0040,Employee 40,Maint,PRESENT,8.0,0.0
2026-02-13,EMP-0001,Employee 1,line a,SICK,0.0,0.0
2026-02-13,EMP-0002,Employee 2,Line B,PRESENT,8.0,0.0
2026-02-13,EMP-0003,Employee 3,line c,PRESENT,8.0,0.0
2026-02-13,EMP-0004,Employee 4,Q.C.,PRESENT,8.0,0.0
2026-02-13,EMP-0005,Employee 5,MAINT,PRESENT,8.0,0.0
2026-02-13,EMP-0006,Employee 6,Line A,PRESENT,8.0,0.0
2026-02-13,EMP-0007,Employee 7,line b,PRESENT,8.0,0.0
2026-02-13,EMP-0008,Employee 8,line c,PRESENT,8.0,0.0
2026-02-13,EMP-0009,Employee 9,Q.C.,PRESENT,8.0,2.5
2026-02-13,EMP-0010,Employee 10,MAINT,PRESENT,8.0,0.0
2026-02-13,EMP-0011,Employee 11,line a,PRESENT,8.0,0.0
2026-02-13,EMP-0012,Employee 12,Line B,PRESENT,8.0,0.0
2026-02-13,EMP-0013,Employee 13,line c,ABSENT,0.0,0.0
2026-02-13,EMP-0014,Employee 14,QC,PRESENT,8.0,0.0
2026-02-13,EMP-0015,Employee 15,MAINT,PRESENT,8.0,1.3
2026-02-13,EMP-0016,Employee 16,Line A,LEAVE,0.0,0.0
2026-02-13,EMP-0017,Employee 17,LINE-B,PRESENT,8.0,0.0
2026-02-13,EMP-0018,Employee 18,Line C,PRESENT,8.0,0.0
2026-02-13,EMP-0019,Employee 19,QC,PRESENT,8.0,0.0
2026-02-13,EMP-0020,Employee 20,MAINT,PRESENT,8.0,2.5
2026-02-13,EMP-0021,Employee 21,line a,PRESENT,8.0,0.0
2026-02-13,EMP-0022,Employee 22,LINE-B,PRESENT,8.0,0.8
2026-02-13,EMP-0023,Employee 23,line c,PRESENT,8.0,0.0
2026-02-13,EMP-0024,Employee 24,Q.C.,PRESENT,8.0,2.5
2026-02-13,EMP-0025,Employee 25,Maint,PRESENT,8.0,0.0
2026-02-13,EMP-0026,Employee 26,Line A,LATE,7.5,0.0
2026-02-13,EMP-0027,Employee 27,line b,PRESENT,8.0,1.7
2026-02-13,EMP-0029,Employee 29,Q.C.,PRESENT,8.0,0.0
2026-02-13,EMP-0030,Employee 30,Maint,PRESENT,8.0,2.5
2026-02-13,EMP-0031,Employee 31,LINE-A,PRESENT,8.0,0.0
2026-02-13,EMP-0033,Employee 33,Line C,PRESENT,8.0,0.0
2026-02-13,EMP-0034,Employee 34,QC,ABSENT,0.0,0.0
2026-02-13,EMP-0035,Employee 35,Maint,PRESENT,8.0,0.0
2026-02-13,EMP-0036,Employee 36,line a,ABSENT,0.0,0.0
2026-02-13,EMP-0037,Employee 37,line b,PRESENT,8.0,0.0
2026-02-13,EMP-0038,Employee 38,LINE-C,LEAVE,0.0,0.0
2026-02-13,EMP-0039,Employee 39,QC,PRESENT,8.0,0.0
2026-02-13,EMP-0040,Employee 40,Maint,LATE,7.5,1.7
2026-02-14,EMP-0002,Employee 2,line b,PRESENT,8.0,1.3
2026-02-14,EMP-0003,Employee 3,LINE-C,PRESENT,8.0,0.0
2026-02-14,EMP-0004,Employee 4,Quality,PRESENT,8.0,0.8
2026-02-14,EMP-0005,Employee 5,MA,PRESENT,8.0,0.0
2026-02-14,EMP-0006,Employee 6,Line A,PRESENT,8.0,0.0
2026-02-14,EMP-0007,Employee 7,line b,PRESENT,8.0,0.0
2026-02-14,EMP-0008,Employee 8,line c,Present,8.0,0.0
2026-02-14,EMP-0009,Employee 9,Quality,PRESENT,8.0,0.8
2026-02-14,EMP-0010,Employee 10,MAINT,PRESENT,8.0,0.0
2026-02-14,EMP-0011,Employee 11,line a,PRESENT,8.0,2.5
2026-02-14,EMP-0012,Employee 12,Line B,PRESENT,8.0,0.0
2026-02-14,EMP-0013,Employee 13,line c,leave,0.0,0.0
2026-02-14,EMP-0014,Employee 14,Q.C.,PRESENT,8.0,0.0
2026-02-14,EMP-0015,Employee 15,MAINT,PRESENT,8.0,0.8
2026-02-14,EMP-0016,Employee 16,LINE-A,PRESENT,8.0,0.0
2026-02-14,EMP-0017,Employee 17,line b,PRESENT,8.0,1.3
2026-02-14,EMP-0018,Employee 18,LINE-C,PRESENT,8.0,2.5
2026-02-14,EMP-0019,Employee 19,Q.C.,PRESENT,8.0,2.5
2026-02-14,EMP-0020,Employee 20,MA,PRESENT,8.0,0.8
2026-02-14,EMP-0021,Employee 21,LINE-A,PRESENT,8.0,0.0
2026-02-14,EMP-0022,Employee 22,Line B,PRESENT,8.0,0.0
2026-02-14,EMP-0023,Employee 23,Line C,PRESENT,8.0,0.0
2026-02-14,EMP-0024,Employee 24,QC,PRESENT,8.0,0.0
2026-02-14,EMP-0025,Employee 25,Maint,PRESENT,8.0,0.0
2026-02-14,EMP-0026,Employee 26,line a,PRESENT,8.0,1.3
2026-02-14,EMP-0027,Employee 27,Line B,LEAVE,0.0,0.0
2026-02-14,EMP-0028,Employee 28,Line C,PRESENT,8.0,0.0
2026-02-14,EMP-0029,Employee 29,QC,PRESENT,8.0,1.3
2026-02-14,EMP-0030,Employee 30,MA,PRESENT,8.0,0.0
2026-02-14,EMP-0031,Employee 31,LINE-A,PRESENT,8.0,0.8
2026-02-14,EMP-0032,Employee 32,Line B,PRESENT,8.0,0.0
2026-02-14,EMP-0033,Employee 33,Line C,LEAVE,0.0,0.0
2026-02-14,EMP-0034,Employee 34,Quality,PRESENT,8.0,1.7
2026-02-14,EMP-0035,Employee 35,Maint,PRESENT,8.0,2.5
2026-02-14,EMP-0036,Employee 36,line a,PRESENT,8.0,0.0
2026-02-14,EMP-0037,Employee 37,LINE-B,ABSENT,0.0,0.0
2026-02-14,EMP-0038,Employee 38,Line C,PRESENT,8.0,2.5
2026-02-14,EMP-0039,Employee 39,Q.C.,PRESENT,8.0,0.0
2026-02-14,EMP-0040,Employee 40,MAINT,PRESENT,8.0,0.8
2026-02-14,TEMP-01,Employee 1,LINE-A,PRESENT,8.0,0.0
2026-02-16,,Employee 5,Maint,PRESENT,8.0,0.0
2026-02-16,EMP-0001,Employee 1,Line A,PRESENT,8.0,0.0
2026-02-16,EMP-0002,Employee 2,line b,PRESENT,8.0,0.0
2026-02-16,EMP-0003,Employee 3,line c,PRESENT,8.0,0.0
2026-02-16,EMP-0004,Employee 4,Q.C.,PRESENT,8.0,1.3
2026-02-16,EMP-0006,Employee 6,line a,PRESENT,8.0,0.0
2026-02-16,EMP-0007,Employee 7,line b,PRESENT,8.0,1.3
2026-02-16,EMP-0008,Employee 8,LINE-C,PRESENT,8.0,1.7
2026-02-16,EMP-0009,Employee 9,Quality,LATE,7.5,1.7
2026-02-16,EMP-0010,Employee 10,MA,PRESENT,8.0,0.0
2026-02-16,EMP-0011,Employee 11,Line A,PRESENT,8.0,1.7
2026-02-16,EMP-0012,Employee 12,line b,PRESENT,8.0,0.0
2026-02-16,EMP-0013,Employee 13,LINE-C,LATE,7.5,0.0
2026-02-16,EMP-0014,Employee 14,Quality,PRESENT,8.0,0.0
2026-02-16,EMP-0015,Employee 15,Maint,PRESENT,8.0,0.0
2026-02-16,EMP-0016,Employee 16,LINE-A,PRESENT,8.0,1.7
2026-02-16,EMP-0018,Employee 18,LINE-C,PRESENT,8.0,0.0
2026-02-16,EMP-0019,Employee 19,Q.C.,PRESENT,8.0,0.0
2026-02-16,EMP-0020,Employee 20,Maint,PRESENT,8.0,0.0
2026-02-16,EMP-0021,Employee 21,Line A,PRESENT,8.0,
2026-02-16,EMP-0022,Employee 22,LINE-B,PRESENT,8.0,0.0
2026-02-16,EMP-0023,Employee 23,Line C,SICK,0.0,0.0
2026-02-16,EMP-0024,Employee 24,Q.C.,PRESENT,8.0,0.0
2026-02-16,EMP-0025,Employee 25,MA,PRESENT,8.0,0.0
2026-02-16,EMP-0026,Employee 26,line a,LEAVE,0.0,0.0
2026-02-16,EMP-0027,Employee 27,line b,PRESENT,8.0,1.7
2026-02-16,EMP-0028,Employee 28,line c,PRESENT,8.0,0.0
2026-02-16,EMP-0029,Employee 29,Quality,PRESENT,8.0,1.3
2026-02-16,EMP-0030,Employee 30,MAINT,PRESENT,8.0,0.0
2026-02-16,EMP-0031,Employee 31,Line A,LEAVE,0.0,0.0
2026-02-16,EMP-0032,Employee 32,Line B,PRESENT,8.0,0.0
2026-02-16,EMP-0033,Employee 33,Line C,PRESENT,8.0,0.0
2026-02-16,EMP-0034,Employee 34,Quality,PRESENT,8.0,0.0
2026-02-16,EMP-0035,Employee 35,MA,PRESENT,8.0,0.0
2026-02-16,EMP-0036,Employee 36,line a,PRESENT,8.0,0.0
2026-02-16,EMP-0037,Employee 37,LINE-B,PRESENT,8.0,0.0
2026-02-16,EMP-0038,Employee 38,line c,PRESENT,8.0,0.0
2026-02-16,EMP-0039,Employee 39,QC,PRESENT,8.0,0.0
2026-02-16,EMP-0040,Employee 40,MAINT,PRESENT,8.0,0.8
2026-02-17,EMP-0001,Employee 1,LINE-A,PRESENT,8.0,0.0
2026-02-17,EMP-0002,Employee 2,line b,PRESENT,8.0,0.0
2026-02-17,EMP-0003,Employee 3,Line C,PRESENT,8.0,0.0
2026-02-17,EMP-0004,Employee 4,QC,PRESENT,8.0,0.0
2026-02-17,EMP-0005,Employee 5,MA,PRESENT,8.0,0.0
2026-02-17,EMP-0006,Employee 6,Line A,PRESENT,8.0,0.0
2026-02-17,EMP-0007,Employee 7,line b,PRESENT,8.0,0.0
2026-02-17,EMP-0008,Employee 8,LINE-C,PRESENT,8.0,0.0
2026-02-17,EMP-0009,Employee 9,QC,PRESENT,8.0,2.5
2026-02-17,EMP-0010,Employee 10,MA,PRESENT,8.0,0.8
2026-02-17,EMP-0011,Employee 11,line a,PRESENT,8.0,0.0
2026-02-17,EMP-0012,Employee 12,line b,LATE,7.0,0.0
2026-02-17,EMP-0013,Employee 13,LINE-C,LATE,7.0,0.0
2026-02-17,EMP-0015,Employee 15,MA,PRESENT,8.0,0.8
2026-02-17,EMP-0016,Employee 16,Line A,PRESENT,8.0,0.0
2026-02-17,EMP-0017,Employee 17,LINE-B,PRESENT,8.0,1.7
2026-02-17,EMP-0018,Employee 18,Line C,PRESENT,8.0,0.0
2026-02-17,EMP-0019,Employee 19,Q.C.,PRESENT,8.0,2.5
2026-02-17,EMP-0020,Employee 20,MAINT,PRESENT,8.0,0.0
2026-02-17,EMP-0022,Employee 22,line b,LEAVE,0.0,0.0
2026-02-17,EMP-0023,Employee 23,Line C,PRESENT,8.0,1.7
2026-02-17,EMP-0024,Employee 24,Q.C.,PRESENT,8.0,0.0
2026-02-17,EMP-0025,Employee 25,MAINT,PRESENT,8.0,0.0
2026-02-17,EMP-0027,Employee 27,LINE-B,LEAVE,0.0,0.0
2026-02-17,EMP-0028,Employee 28,LINE-C,PRESENT,8.0,0.0
2026-02-17,EMP-0029,Employee 29,QC,PRESENT,8.0,2.5
2026-02-17,EMP-0030,Employee 30,MA,PRESENT,8.0,0.0
2026-02-17,EMP-0031,Employee 31,Line A,SICK,0.0,0.0
2026-02-17,EMP-0032,Employee 32,line b,SICK,0.0,0.0
2026-02-17,EMP-0033,Employee 33,Line C,PRESENT,8.0,2.5
2026-02-17,EMP-0034,Employee 34,QC,PRESENT,8.0,0.0
2026-02-17,EMP-0036,Employee 36,line a,PRESENT,8.0,0.0
2026-02-17,EMP-0037,Employee 37,Line B,PRESENT,8.0,0.0
2026-02-17,EMP-0038,Employee 38,line c,LEAVE,0.0,0.0
2026-02-17,EMP-0039,Employee 39,QC,PRESENT,8.0,1.3
2026-02-17,EMP-0040,Employee 40,Maint,PRESENT,8.0,2.5
2026-02-17,TEMP-01,Employee 21,Line A,PRESENT,8.0,0.0
2026-02-18,EMP-0001,Employee 1,Line A,SICK,0.0,0.0
2026-02-18,EMP-0002,Employee 2,line b,PRESENT,8.0,0.0
2026-02-18,EMP-0003,Employee 3,LINE-C,LATE,7.5,0.0
2026-02-18,EMP-0004,Employee 4,Quality,PRESENT,8.0,1.7
2026-02-18,EMP-0005,Employee 5,MAINT,PRESENT,8.0,0.8
2026-02-18,EMP-0006,Employee 6,Line A,PRESENT,8.0,0.0
2026-02-18,EMP-0007,Employee 7,Line B,PRESENT,8.0,1.7
2026-02-18,EMP-0008,Employee 8,LINE-C,PRESENT,8.0,0.0
2026-02-18,EMP-0009,Employee 9,QC,PRESENT,8.0,1.7
2026-02-18,EMP-0010,Employee 10,MA,PRESENT,8.0,1.7
2026-02-18,EMP-0011,Employee 11,Line A,PRESENT,8.0,0.0
2026-02-18,EMP-0012,Employee 12,LINE-B,ABSENT,0.0,0.0
2026-02-18,EMP-0013,Employee 13,Line C,PRESENT,8.0,0.0
2026-02-18,EMP-0014,Employee 14,QC,PRESENT,8.0,0.8
2026-02-18,EMP-0015,Employee 15,MAINT,SICK,0.0,0.0
2026-02-18,EMP-0016,Employee 16,Line A,PRESENT,8.0,0.0
2026-02-18,EMP-0017,Employee 17,LINE-B,PRESENT,8.0,0.0
2026-02-18,EMP-0018,Employee 18,LINE-C,PRESENT,8.0,0.0
2026-02-18,EMP-0019,Employee 19,Quality,PRESENT,8.0,0.0
2026-02-18,EMP-0020,Employee 20,MA,PRESENT,8.0,0.0
2026-02-18,EMP-0021,Employee 21,Line A,PRESENT,8.0,0.0
2026-02-18,EMP-0022,Employee 22,LINE-B,PRESENT,8.0,1.3
2026-02-18,EMP-0023,Employee 23,Line C,PRESENT,8.0,1.7
2026-02-18,EMP-0024,Employee 24,QC,LEAVE,0.0,0.0
2026-02-18,EMP-0025,Employee 25,MA,PRESENT,8.0,0.0
2026-02-18,EMP-0026,Employee 26,Line A,PRESENT,8.0,0.0
2026-02-18,EMP-0027,Employee 27,Line B,SICK,0.0,0.0
2026-02-18,EMP-0028,Employee 28,line c,PRESENT,8.0,0.0
2026-02-18,EMP-0029,Employee 29,QC,PRESENT,8.0,0.0
2026-02-18,EMP-0030,Employee 30,MA,PRESENT,8.0,2.5
2026-02-18,EMP-0031,Employee 31,line a,PRESENT,8.0,2.5
2026-02-18,EMP-0032,Employee 32,LINE-B,PRESENT,8.0,0.0
2026-02-18,EMP-0033,Employee 33,line c,PRESENT,8.0,0.0
2026-02-18,EMP-0034,Employee 34,QC,PRESENT,8.0,0.0
2026-02-18,EMP-0035,Employee 35,Maint,PRESENT,8.0,0.0
2026-02-18,EMP-0036,Employee 36,Line A,PRESENT,8.0,0.0
2026-02-18,EMP-0037,Employee 37,LINE-B,PRESENT,8.0,2.5
2026-02-18,EMP-0038,Employee 38,Line C,ABSENT,0.0,0.0
2026-02-18,EMP-0039,Employee 39,Quality,PRESENT,8.0,0.0
2026-02-18,EMP-0040,Employee 40,MAINT,PRESENT,8.0,0.0
2026-02-19,EMP-0001,Employee 1,Line A,PRESENT,8.0,2.5
2026-02-19,EMP-0002,Employee 2,LINE-B,PRESENT,8.0,0.0
2026-02-19,EMP-0003,Employee 3,line c,PRESENT,8.0,0.0
2026-02-19,EMP-0004,Employee 4,QC,PRESENT,8.0,0.0
2026-02-19,EMP-0005,Employee 5,MAINT,PRESENT,8.0,0.0
2026-02-19,EMP-0006,Employee 6,LINE-A,PRESENT,8.0,0.0
2026-02-19,EMP-0007,Employee 7,LINE-B,SICK,0.0,0.0
2026-02-19,EMP-0008,Employee 8,LINE-C,PRESENT,8.0,2.5
2026-02-19,EMP-0009,Employee 9,QC,PRESENT,8.0,1.7
2026-02-19,EMP-0010,Employee 10,Maint,PRESENT,8.0,1.3
2026-02-19,EMP-0011,Employee 11,Line A,PRESENT,8.0,1.7
2026-02-19,EMP-0012,Employee 12,LINE-B,PRESENT,8.0,0.0
2026-02-19,EMP-0013,Employee 13,LINE-C,LATE,7.5,0.0
2026-02-19,EMP-0014,Employee 14,Quality,PRESENT,8.0,0.0
2026-02-19,EMP-0015,Employee 15,MA,LATE,7.5,0.0
2026-02-19,EMP-0016,Employee 16,LINE-A,PRESENT,8.0,0.0
2026-02-19,EMP-0017,Employee 17,line b,ABSENT,0.0,0.0
2026-02-19,EMP-0018,Employee 18,line c,PRESENT,8.0,1.3
2026-02-19,EMP-0019,Employee 19,Q.C.,LEAVE,0.0,0.0
2026-02-19,EMP-0020,Employee 20,Maint,PRESENT,8.0,0.0
2026-02-19,EMP-0021,Employee 21,LINE-A,PRESENT,8.0,1.3
2026-02-19,EMP-0022,Employee 22,Line B,PRESENT,8.0,0.0
2026-02-19,EMP-0023,Employee 23,LINE-C,PRESENT,8.0,1.3
2026-02-19,EMP-0024,Employee 24,QC,PRESENT,8.0,0.0
2026-02-19,EMP-0025,Employee 25,Maint,PRESENT,8.0,0.0
2026-02-19,EMP-0026,Employee 26,Line A,PRESENT,8.0,2.5
2026-02-19,EMP-0027,Employee 27,Line B,PRESENT,8.0,0.0
2026-02-19,EMP-0028,Employee 28,Line C,PRESENT,8.0,2.5
2026-02-19,EMP-0029,Employee 29,Quality,PRESENT,8.0,1.3
2026-02-19,EMP-0030,Employee 30,MAINT,PRESENT,8.0,0.0
2026-02-19,EMP-0031,Employee 31,line a,PRESENT,8.0,0.8
2026-02-19,EMP-0032,Employee 32,Line B,PRESENT,8.0,0.0
2026-02-19,EMP-0033,Employee 33,Line C,PRESENT,8.0,0.0
2026-02-19,EMP-0034,Employee 34,Q.C.,LATE,7.0,0.0
2026-02-19,EMP-0036,Employee 36,Line A,PRESENT,8.0,2.5
2026-02-19,EMP-0037,Employee 37,Line B,PRESENT,8.0,0.0
2026-02-19,EMP-0038,Employee 38,Line C,LATE,7.5,0.0
2026-02-19,EMP-0039,Employee 39,Quality,PRESENT,8.0,0.0
2026-02-19,EMP-0040,Employee 40,Maint,PRESENT,8.0,0.0
2026-02-20,EMP-0001,Employee 1,Line A,PRESENT,8.0,2.5
2026-02-20,EMP-0002,Employee 2,line b,PRESENT,8.0,0.0
2026-02-20,EMP-0003,Employee 3,Line C,PRESENT,8.0,2.5
2026-02-20,EMP-0004,Employee 4,Q.C.,PRESENT,8.0,0.0
2026-02-20,EMP-0005,Employee 5,MAINT,PRESENT,8.0,0.0
2026-02-20,EMP-0006,Employee 6,line a,Present,8.0,0.0
2026-02-20,EMP-0007,Employee 7,LINE-B,PRESENT,8.0,2.5
2026-02-20,EMP-0009,Employee 9,Quality,PRESENT,8.0,1.3
2026-02-20,EMP-0010,Employee 10,MA,LEAVE,0.0,0.0
2026-02-20,EMP-0011,Employee 11,LINE-A,PRESENT,8.0,0.0
2026-02-20,EMP-0012,Employee 12,LINE-B,PRESENT,8.0,0.0
2026-02-20,EMP-0013,Employee 13,LINE-C,PRESENT,8.0,0.0
2026-02-20,EMP-0013,Employee 13,LINE-C,PRESENT,8.0,0.0
2026-02-20,EMP-0014,Employee 14,Quality,SICK,0.0,0.0
2026-02-20,EMP-0015,Employee 15,MAINT,PRESENT,8.0,0.0
2026-02-20,EMP-0016,Employee 16,LINE-A,SICK,0.0,0.0
2026-02-20,EMP-0017,Employee 17,LINE-B,PRESENT,8.0,2.5
2026-02-20,EMP-0018,Employee 18,line c,PRESENT,8.0,0.0
2026-02-20,EMP-0019,Employee 19,Quality,LATE,7.0,0.0
2026-02-20,EMP-0020,Employee 20,Maint,PRESENT,8.0,0.0
2026-02-20,EMP-0021,Employee 21,Line A,PRESENT,8.0,0.0
2026-02-20,EMP-0022,Employee 22,Line B,PRESENT,8.0,0.0
2026-02-20,EMP-0026,Employee 26,line a,PRESENT,8.0,2.5
2026-02-20,EMP-0028,Employee 28,LINE-C,PRESENT,8.0,0.0
2026-02-20,EMP-0029,Employee 29,Quality,PRESENT,8.0,1.7
2026-02-20,EMP-0030,Employee 30,MAINT,PRESENT,8.0,0.0
2026-02-20,EMP-0031,Employee 31,Line A,PRESENT,8.0,
2026-02-20,EMP-0032,Employee 32,line b,LEAVE,0.0,0.0
2026-02-20,EMP-0033,Employee 33,line c,LATE,7.0,1.7
2026-02-20,EMP-0034,Employee 34,Q.C.,LATE,7.0,0.0
2026-02-20,EMP-0035,Employee 35,MA,PRESENT,8.0,1.7
2026-02-20,EMP-0037,Employee 37,Line B,PRESENT,8.0,0.0
2026-02-20,EMP-0038,Employee 38,Line C,PRESENT,8.0,0.8
2026-02-20,EMP-0039,Employee 39,QC,PRESENT,8.0,0.0
2026-02-20,EMP-0040,Employee 40,Maint,PRESENT,8.0,0.0
2026-02-21,EMP-0001,Employee 1,Line A,PRESENT,8.0,1.3
2026-02-21,EMP-0002,Employee 2,LINE-B,PRESENT,8.0,0.0
2026-02-21,EMP-0003,Employee 3,LINE-C,PRESENT,8.0,2.5
2026-02-21,EMP-0004,Employee 4,Quality,PRESENT,8.0,0.0
2026-02-21,EMP-0005,Employee 5,MAINT,PRESENT,8.0,0.0
2026-02-21,EMP-0006,Employee 6,line a,PRESENT,8.0,0.0
2026-02-21,EMP-0007,Employee 7,LINE-B,PRESENT,8.0,0.0
2026-02-21,EMP-0008,Employee 8,line c,PRESENT,8.0,0.0
2026-02-21,EMP-0009,Employee 9,QC,SICK,0.0,0.0
2026-02-21,EMP-0010,Employee 10,MAINT,PRESENT,8.0,0.0
2026-02-21,EMP-0011,Employee 11,LINE-A,PRESENT,8.0,0.0
2026-02-21,EMP-0012,Employee 12,LINE-B,PRESENT,8.0,0.0
2026-02-21,EMP-0013,Employee 13,line c,PRESENT,8.0,1.3
2026-02-21,EMP-0014,Employee 14,Quality,PRESENT,8.0,0.0
2026-02-21,EMP-0015,Employee 15,MAINT,PRESENT,8.0,1.3
2026-02-21,EMP-0016,Employee 16,Line A,PRESENT,8.0,0.8
2026-02-21,EMP-0017,Employee 17,line b,PRESENT,8.0,1.7
2026-02-21,EMP-0018,Employee 18,LINE-C,PRESENT,8.0,0.8
2026-02-21,EMP-0019,Employee 19,Q.C.,PRESENT,8.0,0.0
2026-02-21,EMP-0020,Employee 20,MAINT,PRESENT,8.0,0.0
2026-02-21,EMP-0021,Employee 21,Line A,PRESENT,8.0,0.8
2026-02-21,EMP-0022,Employee 22,LINE-B,LEAVE,0.0,0.0
2026-02-21,EMP-0023,Employee 23,Line C,LATE,7.5,0.0
2026-02-21,EMP-0024,Employee 24,Quality,LATE,7.0,0.0
2026-02-21,EMP-0025,Employee 25,MAINT,PRESENT,8.0,0.0
2026-02-21,EMP-0026,Employee 26,LINE-A,PRESENT,8.0,0.0
2026-02-21,EMP-0027,Employee 27,LINE-B,PRESENT,8.0,0.0
2026-02-21,EMP-0029,Employee 29,QC,PRESENT,8.0,0.0
2026-02-21,EMP-0030,Employee 30,MA,SICK,0.0,0.0
2026-02-21,EMP-0031,Employee 31,Line A,PRESENT,8.0,0.0
2026-02-21,EMP-0032,Employee 32,line b,PRESENT,8.0,1.3
2026-02-21,EMP-0033,Employee 33,LINE-C,PRESENT,8.0,0.0
2026-02-21,EMP-0034,Employee 34,Q.C.,PRESENT,8.0,2.5
2026-02-21,EMP-0035,Employee 35,MAINT,PRESENT,8.0,0.8
2026-02-21,EMP-0037,Employee 37,line b,LEAVE,0.0,0.0
2026-02-21,EMP-0038,Employee 38,line c,PRESENT,8.0,0.0
2026-02-21,EMP-0039,Employee 39,Q.C.,PRESENT,8.0,0.0
2026-02-21,EMP-0040,Employee 40,MAINT,PRESENT,8.0,0.0
2026-02-23,EMP-0001,Employee 1,line a,PRESENT,8.0,0.0
2026-02-23,EMP-0002,Employee 2,Line B,PRESENT,8.0,0.0
2026-02-23,EMP-0003,Employee 3,line c,PRESENT,8.0,0.0
2026-02-23,EMP-0004,Employee 4,Q.C.,PRESENT,8.0,0.0
2026-02-23,EMP-0005,Employee 5,MAINT,ABSENT,0.0,0.0
2026-02-23,EMP-0006,Employee 6,LINE-A,PRESENT,8.0,1.7
2026-02-23,EMP-0007,Employee 7,LINE-B,PRESENT,8.0,0.0
2026-02-23,EMP-0008,Employee 8,LINE-C,PRESENT,8.0,0.0
2026-02-23,EMP-0009,Employee 9,QC,PRESENT,8.0,1.7
2026-02-23,EMP-0010,Employee 10,MA,PRESENT,8.0,0.8
2026-02-23,EMP-0013,Employee 13,line c,PRESENT,8.0,0.8
2026-02-23,EMP-0014,Employee 14,Q.C.,SICK,0.0,0.0
2026-02-23,EMP-0015,Employee 15,Maint,PRESENT,8.0,0.0
2026-02-23,EMP-0016,Employee 16,LINE-A,PRESENT,8.0,0.0
2026-02-23,EMP-0017,Employee 17,LINE-B,PRESENT,8.0,0.0
2026-02-23,EMP-0019,Employee 19,Quality,PRESENT,8.0,0.0
2026-02-23,EMP-0020,Employee 20,MAINT,PRESENT,8.0,0.0
2026-02-23,EMP-0021,Employee 21,Line A,PRESENT,8.0,0.0
2026-02-23,EMP-0022,Employee 22,Line B,PRESENT,8.0,1.3
2026-02-23,EMP-0023,Employee 23,Line C,PRESENT,8.0,0.0
2026-02-23,EMP-0024,Employee 24,QC,PRESENT,8.0,0.0
2026-02-23,EMP-0025,Employee 25,Maint,PRESENT,8.0,1.7
2026-02-23,EMP-0026,Employee 26,line a,PRESENT,8.0,1.7
2026-02-23,EMP-0027,Employee 27,line b,PRESENT,8.0,0.0
2026-02-23,EMP-0028,Employee 28,line c,PRESENT,8.0,0.0
2026-02-23,EMP-0029,Employee 29,Q.C.,LATE,7.5,0.0
2026-02-23,EMP-0030,Employee 30,Maint,PRESENT,8.0,1.7
2026-02-23,EMP-0031,Employee 31,LINE-A,LEAVE,0.0,0.0
2026-02-23,EMP-0033,Employee 33,Line C,PRESENT,8.0,0.0
2026-02-23,EMP-0034,Employee 34,QC,PRESENT,8.0,0.0
2026-02-23,EMP-0035,Employee 35,Maint,PRESENT,8.0,0.0
2026-02-23,EMP-0036,Employee 36,line a,PRESENT,8.0,0.0
2026-02-23,EMP-0037,Employee 37,LINE-B,PRESENT,8.0,0.0
2026-02-23,EMP-0038,Employee 38,line c,PRESENT,8.0,1.3
2026-02-23,EMP-0039,Employee 39,Q.C.,PRESENT,8.0,1.7
2026-02-23,EMP-0040,Employee 40,MA,LATE,7.0,0.0
2026-02-24,EMP-0002,Employee 2,line b,PRESENT,8.0,2.5
2026-02-24,EMP-0003,Employee 3,line c,PRESENT,8.0,0.0
2026-02-24,EMP-0004,Employee 4,Q.C.,PRESENT,8.0,0.0
2026-02-24,EMP-0005,Employee 5,MA,PRESENT,8.0,0.0
2026-02-24,EMP-0006,Employee 6,line a,PRESENT,8.0,0.0
2026-02-24,EMP-0007,Employee 7,Line B,PRESENT,8.0,1.7
2026-02-24,EMP-0008,Employee 8,Line C,SICK,0.0,0.0
2026-02-24,EMP-0009,Employee 9,Q.C.,PRESENT,8.0,0.0
2026-02-24,EMP-0010,Employee 10,MAINT,PRESENT,8.0,1.3
2026-02-24,EMP-0011,Employee 11,LINE-A,PRESENT,8.0,0.0
2026-02-24,EMP-0012,Employee 12,Line B,PRESENT,8.0,0.0
2026-02-24,EMP-0013,Employee 13,Line C,PRESENT,8.0,0.0
2026-02-24,EMP-0014,Employee 14,Q.C.,LATE,7.5,0.0
2026-02-24,EMP-0015,Employee 15,MAINT,PRESENT,8.0,0.0
2026-02-24,EMP-0016,Employee 16,LINE-A,PRESENT,8.0,1.3
2026-02-24,EMP-0017,Employee 17,Line B,LEAVE,0.0,0.0
2026-02-24,EMP-0018,Employee 18,Line C,PRESENT,8.0,0.0
2026-02-24,EMP-0020,Employee 20,MA,PRESENT,8.0,2.5
2026-02-24,EMP-0021,Employee 21,line a,PRESENT,8.0,1.3
2026-02-24,EMP-0022,Employee 22,LINE-B,LATE,7.0,0.8
2026-02-24,EMP-0023,Employee 23,LINE-C,PRESENT,8.0,0.0
2026-02-24,EMP-0024,Employee 24,QC,LEAVE,0.0,0.0
2026-02-24,EMP-0025,Employee 25,MA,PRESENT,8.0,1.7
2026-02-24,EMP-0026,Employee 26,line a,PRESENT,8.0,0.0
2026-02-24,EMP-0028,Employee 28,LINE-C,PRESENT,8.0,0.0
2026-02-24,EMP-0029,Employee 29,QC,PRESENT,8.0,0.0
2026-02-24,EMP-0030,Employee 30,MA,PRESENT,8.0,0.0
2026-02-24,EMP-0031,Employee 31,line a,PRESENT,8.0,0.0
2026-02-24,EMP-0032,Employee 32,LINE-B,PRESENT,8.0,-1.0
2026-02-24,EMP-0033,Employee 33,line c,PRESENT,8.0,0.0
2026-02-24,EMP-0034,Employee 34,Quality,PRESENT,8.0,0.0
2026-02-24,EMP-0035,Employee 35,MAINT,PRESENT,8.0,0.0
2026-02-24,EMP-0036,Employee 36,LINE-A,PRESENT,8.0,0.0
2026-02-24,EMP-0037,Employee 37,Line B,PRESENT,8.0,
2026-02-24,EMP-0038,Employee 38,line c,SICK,0.0,0.0
2026-02-24,EMP-0039,Employee 39,Q.C.,PRESENT,8.0,0.0
2026-02-24,EMP-0040,Employee 40,MAINT,PRESENT,8.0,0.0
2026-02-25,EMP-0001,Employee 1,LINE-A,PRESENT,8.0,0.0
2026-02-25,EMP-0003,Employee 3,LINE-C,PRESENT,8.0,0.0
2026-02-25,EMP-0004,Employee 4,QC,PRESENT,8.0,0.8
2026-02-25,EMP-0005,Employee 5,MA,PRESENT,8.0,2.5
2026-02-25,EMP-0006,Employee 6,line a,PRESENT,8.0,0.8
2026-02-25,EMP-0008,Employee 8,line c,LATE,7.0,0.0
2026-02-25,EMP-0009,Employee 9,Quality,ABSENT,0.0,0.0
2026-02-25,EMP-0010,Employee 10,Maint,PRESENT,8.0,0.0
2026-02-25,EMP-0011,Employee 11,LINE-A,PRESENT,8.0,0.0
2026-02-25,EMP-0015,Employee 15,Maint,PRESENT,8.0,0.0
2026-02-25,EMP-0016,Employee 16,LINE-A,PRESENT,8.0,0.0
2026-02-25,EMP-0017,Employee 17,line b,PRESENT,8.0,0.0
2026-02-25,EMP-0018,Employee 18,LINE-C,PRESENT,8.0,0.0
2026-02-25,EMP-0019,Employee 19,QC,LEAVE,0.0,0.0
2026-02-25,EMP-0020,Employee 20,Maint,PRESENT,8.0,0.0
2026-02-25,EMP-0022,Employee 22,Line B,ABSENT,0.0,0.0
2026-02-25,EMP-0023,Employee 23,line c,PRESENT,8.0,0.0
2026-02-25,EMP-0025,Employee 25,MA,LEAVE,0.0,0.0
2026-02-25,EMP-0026,Employee 26,line a,PRESENT,8.0,1.3
2026-02-25,EMP-0027,Employee 27,LINE-B,PRESENT,8.0,0.0
2026-02-25,EMP-0028,Employee 28,line c,PRESENT,8.0,1.3
2026-02-25,EMP-0029,Employee 29,QC,PRESENT,8.0,2.5
2026-02-25,EMP-0030,Employee 30,Maint,PRESENT,8.0,0.0
2026-02-25,EMP-0031,Employee 31,line a,PRESENT,8.0,1.7
2026-02-25,EMP-0032,Employee 32,line b,PRESENT,8.0,-2.0
2026-02-25,EMP-0033,Employee 33,line c,PRESENT,8.0,0.0
2026-02-25,EMP-0034,Employee 34,Q.C.,PRESENT,8.0,0.8
2026-02-25,EMP-0035,Employee 35,MA,PRESENT,8.0,2.5
2026-02-25,EMP-0036,Employee 36,LINE-A,ABSENT,0.0,
2026-02-25,EMP-0036,Employee 36,LINE-A,ABSENT,0.0,
2026-02-25,EMP-0037,Employee 37,Line B,PRESENT,8.0,2.5
2026-02-25,EMP-0038,Employee 38,line c,Present,8.0,0.8
2026-02-25,EMP-0039,Employee 39,QC,PRESENT,8.0,0.0
2026-02-25,EMP-0040,Employee 40,Maint,PRESENT,8.0,2.5
2026-02-25,EMP-9999,Employee 13,Line C,PRESENT,8.0,0.8
2026-02-26,EMP-0002,Employee 2,Line B,PRESENT,8.0,0.0
2026-02-26,EMP-0003,Employee 3,Line C,PRESENT,8.0,0.0
2026-02-26,EMP-0004,Employee 4,Q.C.,PRESENT,8.0,0.0
2026-02-26,EMP-0005,Employee 5,Maint,PRESENT,8.0,1.3
2026-02-26,EMP-0006,Employee 6,Line A,PRESENT,8.0,0.0
2026-02-26,EMP-0008,Employee 8,LINE-C,PRESENT,8.0,0.0
2026-02-26,EMP-0009,Employee 9,QC,PRESENT,8.0,0.0
2026-02-26,EMP-0010,Employee 10,MAINT,PRESENT,8.0,0.0
2026-02-26,EMP-0011,Employee 11,line a,PRESENT,8.0,0.0
2026-02-26,EMP-0013,Employee 13,LINE-C,PRESENT,8.0,0.0
2026-02-26,EMP-0014,Employee 14,QC,PRESENT,8.0,0.0
2026-02-26,EMP-0015,Employee 15,MA,PRESENT,8.0,0.0
2026-02-26,EMP-0017,Employee 17,Line B,PRESENT,8.0,0.8
2026-02-26,EMP-0018,Employee 18,Line C,PRESENT,8.0,0.0
2026-02-26,EMP-0019,Employee 19,Q.C.,PRESENT,8.0,0.0
2026-02-26,EMP-0020,Employee 20,Maint,PRESENT,8.0,1.3
2026-02-26,EMP-0021,Employee 21,line a,PRESENT,8.0,0.0
2026-02-26,EMP-0022,Employee 22,LINE-B,PRESENT,8.0,0.0
2026-02-26,EMP-0023,Employee 23,line c,PRESENT,8.0,0.0
2026-02-26,EMP-0024,Employee 24,QC,PRESENT,8.0,0.0
2026-02-26,EMP-0025,Employee 25,MA,PRESENT,8.0,0.0
2026-02-26,EMP-0026,Employee 26,line a,SICK,0.0,0.0
2026-02-26,EMP-0027,Employee 27,LINE-B,ABSENT,0.0,0.0
2026-02-26,EMP-0028,Employee 28,line c,PRESENT,8.0,0.0
2026-02-26,EMP-0029,Employee 29,Quality,PRESENT,8.0,0.8
2026-02-26,EMP-0030,Employee 30,Maint,LATE,7.5,0.8
2026-02-26,EMP-0031,Employee 31,Line A,PRESENT,8.0,0.0
2026-02-26,EMP-0032,Employee 32,line b,PRESENT,8.0,0.0
2026-02-26,EMP-0033,Employee 33,LINE-C,PRESENT,8.0,0.8
2026-02-26,EMP-0034,Employee 34,QC,PRESENT,8.0,0.0
2026-02-26,EMP-0035,Employee 35,MAINT,PRESENT,8.0,2.5
2026-02-26,EMP-0036,Employee 36,Line A,PRESENT,8.0,0.0
2026-02-26,EMP-0037,Employee 37,LINE-B,LATE,7.5,0.0
2026-02-26,EMP-0038,Employee 38,Line C,PRESENT,8.0,1.3
2026-02-26,EMP-0039,Employee 39,Quality,PRESENT,8.0,0.8
2026-02-26,EMP-0040,Employee 40,Maint,LATE,7.0,1.3
2026-02-26,TEMP-01,Employee 1,line a,PRESENT,8.0,1.7
2026-02-27,EMP-0001,Employee 1,Line A,PRESENT,8.0,1.7
2026-02-27,EMP-0002,Employee 2,LINE-B,PRESENT,8.0,1.3
2026-02-27,EMP-0003,Employee 3,line c,PRESENT,8.0,0.0
2026-02-27,EMP-0004,Employee 4,Q.C.,PRESENT,8.0,0.0
2026-02-27,EMP-0005,Employee 5,MAINT,PRESENT,8.0,1.7
2026-02-27,EMP-0006,Employee 6,Line A,PRESENT,8.0,0.0
2026-02-27,EMP-0007,Employee 7,LINE-B,PRESENT,8.0,0.0
2026-02-27,EMP-0008,Employee 8,Line C,PRESENT,8.0,2.5
2026-02-27,EMP-0009,Employee 9,Q.C.,PRESENT,8.0,0.0
2026-02-27,EMP-0010,Employee 10,MAINT,PRESENT,8.0,0.8
2026-02-27,EMP-0011,Employee 11,Line A,ABSENT,0.0,0.0
2026-02-27,EMP-0012,Employee 12,Line B,PRESENT,8.0,2.5
2026-02-27,EMP-0013,Employee 13,line c,PRESENT,8.0,0.0
2026-02-27,EMP-0014,Employee 14,QC,PRESENT,8.0,0.0
2026-02-27,EMP-0015,Employee 15,MA,PRESENT,8.0,0.0
2026-02-27,EMP-0016,Employee 16,Line A,LEAVE,0.0,0.0
2026-02-27,EMP-0017,Employee 17,line b,PRESENT,8.0,0.8
2026-02-27,EMP-0019,Employee 19,QC,PRESENT,8.0,0.0
2026-02-27,EMP-0020,Employee 20,MA,ABSENT,0.0,0.0
2026-02-27,EMP-0021,Employee 21,LINE-A,PRESENT,8.0,-1.0
2026-02-27,EMP-0022,Employee 22,LINE-B,PRESENT,8.0,0.8
2026-02-27,EMP-0023,Employee 23,Line C,PRESENT,8.0,0.0
2026-02-27,EMP-0024,Employee 24,Quality,PRESENT,8.0,0.0
2026-02-27,EMP-0026,Employee 26,LINE-A,LEAVE,0.0,0.0
2026-02-27,EMP-0027,Employee 27,Line B,PRESENT,8.0,0.0
2026-02-27,EMP-0028,Employee 28,line c,PRESENT,8.0,0.0
2026-02-27,EMP-0029,Employee 29,Q.C.,PRESENT,8.0,0.0
2026-02-27,EMP-0032,Employee 32,Line B,PRESENT,8.0,0.0
2026-02-27,EMP-0033,Employee 33,Line C,SICK,0.0,0.0
2026-02-27,EMP-0034,Employee 34,Quality,PRESENT,8.0,0.0
2026-02-27,EMP-0035,Employee 35,Maint,PRESENT,8.0,0.0
2026-02-27,EMP-0036,Employee 36,Line A,PRESENT,8.0,1.7
2026-02-27,EMP-0037,Employee 37,Line B,PRESENT,8.0,2.5
2026-02-27,EMP-0038,Employee 38,line c,PRESENT,8.0,0.0
2026-02-27,EMP-0039,Employee 39,Q.C.,PRESENT,8.0,1.3
2026-02-27,EMP-0040,Employee 40,MAINT,PRESENT,8.0,1.3
2026-02-27,EMP-9999,Employee 31,LINE-A,PRESENT,8.0,0.0
2026-02-28,EMP-0001,Employee 1,line a,LEAVE,0.0,0.0
2026-02-28,EMP-0002,Employee 2,line b,PRESENT,8.0,0.0
2026-02-28,EMP-0003,Employee 3,line c,PRESENT,8.0,0.0
2026-02-28,EMP-0004,Employee 4,Q.C.,PRESENT,8.0,2.5
2026-02-28,EMP-0005,Employee 5,Maint,LATE,7.0,0.0
2026-02-28,EMP-0006,Employee 6,Line A,PRESENT,8.0,0.0
2026-02-28,EMP-0008,Employee 8,Line C,LEAVE,0.0,0.0
2026-02-28,EMP-0009,Employee 9,QC,PRESENT,8.0,0.0
2026-02-28,EMP-0010,Employee 10,Maint,PRESENT,8.0,0.0
2026-02-28,EMP-0011,Employee 11,line a,PRESENT,8.0,0.0
2026-02-28,EMP-0012,Employee 12,line b,SICK,0.0,0.0
2026-02-28,EMP-0014,Employee 14,QC,PRESENT,8.0,0.0
2026-02-28,EMP-0015,Employee 15,MAINT,PRESENT,8.0,0.0
2026-02-28,EMP-0016,Employee 16,Line A,PRESENT,8.0,0.0
2026-02-28,EMP-0017,Employee 17,Line B,PRESENT,8.0,1.7
2026-02-28,EMP-0018,Employee 18,LINE-C,present,8.0,0.0
2026-02-28,EMP-0019,Employee 19,Q.C.,PRESENT,8.0,0.0
2026-02-28,EMP-0020,Employee 20,Maint,PRESENT,8.0,2.5
2026-02-28,EMP-0021,Employee 21,LINE-A,PRESENT,8.0,0.0
2026-02-28,EMP-0022,Employee 22,Line B,PRESENT,8.0,0.8
2026-02-28,EMP-0023,Employee 23,Line C,PRESENT,8.0,0.0
2026-02-28,EMP-0024,Employee 24,Quality,LEAVE,0.0,0.0
2026-02-28,EMP-0025,Employee 25,MA,PRESENT,8.0,0.0
2026-02-28,EMP-0026,Employee 26,Line A,PRESENT,8.0,0.0
2026-02-28,EMP-0027,Employee 27,LINE-B,PRESENT,8.0,0.0
2026-02-28,EMP-0028,Employee 28,line c,SICK,0.0,0.0
2026-02-28,EMP-0029,Employee 29,QC,PRESENT,8.0,0.8
2026-02-28,EMP-0030,Employee 30,Maint,PRESENT,8.0,0.0
2026-02-28,EMP-0031,Employee 31,line a,LATE,7.0,1.3
2026-02-28,EMP-0033,Employee 33,Line C,PRESENT,8.0,0.0
2026-02-28,EMP-0034,Employee 34,Quality,SICK,0.0,0.0
2026-02-28,EMP-0036,Employee 36,LINE-A,SICK,0.0,0.0
2026-02-28,EMP-0037,Employee 37,line b,PRESENT,8.0,0.0
2026-02-28,EMP-0038,Employee 38,line c,PRESENT,8.0,1.7
2026-02-28,EMP-0039,Employee 39,QC,SICK,0.0,0.0
2026-02-28,EMP-0040,Employee 40,MAINT,PRESENT,8.0,0.8
2026-02-28,TEMP-01,Employee 35,Maint,SICK,0.0,0.0
21-Feb-26,EMP-0028,Employee 28,line c,PRESENT,8.0,0.0
23-Feb-26,EMP-0011,Employee 11,line a,PRESENT,8.0,0.0
23-Feb-26,EMP-0032,Employee 32,Line B,ABSENT,0.0,0.0
23/02/2026,EMP-0018,Employee 18,LINE-C,LATE,7.0,0.0
24-Feb-26,EMP-0001,Employee 1,line a,PRESENT,8.0,0.0
24/02/2026,EMP-0019,Employee 19,Q.C.,PRESENT,8.0,0.8
25-Feb-26,EMP-0012,Employee 12,line b,PRESENT,8.0,2.5
25/02/2026,EMP-0007,Employee 7,LINE-B,PRESENT,8.0,0.0
25/02/2026,EMP-0024,Employee 24,Q.C.,PRESENT,8.0,0.0
26-Feb-26,EMP-0016,Employee 16,LINE-A,SICK,0.0,0.0
26/02/2026,TEMP-01,Employee 12,LINE-B,PRESENT,8.0,0.0
27-Feb-26,EMP-0025,Employee 25,MA,PRESENT,8.0,
27/02/2026,EMP-0018,Employee 18,Line C,PRESENT,8.0,0.0
28-Feb-26,EMP-0032,Employee 32,LINE-B,LEAVE,0.0,0.0
